{"cameraMode":{"drawMode":0,"name":"Shaded","section":"Shading Mode"},"sceneLighting":true,"audioPlay":false,"sceneViewState":{"m_AlwaysRefresh":false,"showFog":true,"showSkybox":true,"showFlares":true,"showImageEffects":true,"showParticleSystems":true,"showVisualEffectGraphs":true,"m_FxEnabled":true},"in2DMode":false,"pivot":{"x":-10.117951393127442,"y":-1.058043360710144,"z":-0.12514770030975343},"rotation":{"x":0.23654642701148988,"y":0.0023417852353304626,"z":-0.000569441937841475,"w":0.9716210961341858},"size":4.13372278213501,"orthographic":false}